LLM,Agreement,Reinforcement,Diversity,Uncertainty,EchoIndex
ChatGPT,0.21428571428571427,0.6110206523111888,0.16666666666666666,0.07005386509111343,1.9211093148968392
Claude,-0.09090909090909091,0.7001500888304277,0.09090909090909091,0.07408747644323047,1.854377667757528
Deepseek,0.0,0.7650160392125448,0.16666666666666666,0.062495809955503086,1.7049619682996415
Gemini,0.8571428571428571,0.6755452219929013,0.11904761904761904,0.08732344260479503,2.366859496555643
